-- phpMyAdmin SQL Dump
-- version 5.2.0
-- https://www.phpmyadmin.net/
--
-- Host: 127.0.0.1
-- Generation Time: Jul 05, 2022 at 02:21 PM
-- Server version: 10.4.24-MariaDB
-- PHP Version: 8.0.19

SET SQL_MODE = "NO_AUTO_VALUE_ON_ZERO";
START TRANSACTION;
SET time_zone = "+00:00";


/*!40101 SET @OLD_CHARACTER_SET_CLIENT=@@CHARACTER_SET_CLIENT */;
/*!40101 SET @OLD_CHARACTER_SET_RESULTS=@@CHARACTER_SET_RESULTS */;
/*!40101 SET @OLD_COLLATION_CONNECTION=@@COLLATION_CONNECTION */;
/*!40101 SET NAMES utf8mb4 */;

--
-- Database: `datamining`
--

-- --------------------------------------------------------

--
-- Table structure for table `alternatif_kriteria`
--

CREATE TABLE `alternatif_kriteria` (
  `id_alternatif_kriteria` int(11) NOT NULL,
  `id_alternatif` int(11) NOT NULL,
  `id_kriteria` int(11) NOT NULL,
  `nilai` double NOT NULL
) ENGINE=InnoDB DEFAULT CHARSET=utf8mb4;

--
-- Dumping data for table `alternatif_kriteria`
--

INSERT INTO `alternatif_kriteria` (`id_alternatif_kriteria`, `id_alternatif`, `id_kriteria`, `nilai`) VALUES
(1, 1, 1, 5),
(2, 1, 2, 5),
(3, 1, 3, 1),
(4, 1, 4, 4),
(5, 1, 5, 2),
(6, 1, 6, 3),
(7, 1, 7, 2),
(8, 1, 8, 3),
(9, 1, 9, 3),
(10, 1, 10, 3),
(11, 1, 11, 3),
(12, 1, 12, 3),
(13, 2, 1, 3),
(14, 2, 2, 4),
(15, 2, 3, 2),
(16, 2, 4, 3),
(17, 2, 5, 3),
(18, 2, 6, 4),
(19, 2, 7, 4),
(20, 2, 8, 3),
(21, 2, 9, 3),
(22, 2, 10, 3),
(23, 2, 11, 3),
(24, 2, 12, 3),
(25, 3, 1, 3),
(26, 3, 2, 2),
(27, 3, 3, 4),
(28, 3, 4, 3),
(29, 3, 5, 2),
(30, 3, 6, 2),
(31, 3, 7, 3),
(32, 3, 8, 4),
(33, 3, 9, 3),
(34, 3, 10, 2),
(35, 3, 11, 4),
(36, 3, 12, 3),
(37, 4, 1, 3),
(38, 4, 2, 3),
(39, 4, 3, 3),
(40, 4, 4, 4),
(41, 4, 5, 5),
(42, 4, 6, 5),
(43, 4, 7, 3),
(44, 4, 8, 3),
(45, 4, 9, 3),
(46, 4, 10, 5),
(47, 4, 11, 5),
(48, 4, 12, 5),
(49, 5, 1, 3),
(50, 5, 2, 3),
(51, 5, 3, 4),
(52, 5, 4, 4),
(53, 5, 5, 4),
(54, 5, 6, 5),
(55, 5, 7, 4),
(56, 5, 8, 5),
(57, 5, 9, 4),
(58, 5, 10, 3),
(59, 5, 11, 3),
(60, 5, 12, 4),
(61, 6, 1, 3),
(62, 6, 2, 3),
(63, 6, 3, 4),
(64, 6, 4, 2),
(65, 6, 5, 3),
(66, 6, 6, 4),
(67, 6, 7, 4),
(68, 6, 8, 3),
(69, 6, 9, 3),
(70, 6, 10, 2),
(71, 6, 11, 4),
(72, 6, 12, 2),
(73, 7, 1, 3),
(74, 7, 2, 3),
(75, 7, 3, 2),
(76, 7, 4, 5),
(77, 7, 5, 3),
(78, 7, 6, 4),
(79, 7, 7, 4),
(80, 7, 8, 5),
(81, 7, 9, 4),
(82, 7, 10, 3),
(83, 7, 11, 3),
(84, 7, 12, 3),
(85, 8, 1, 3),
(86, 8, 2, 3),
(87, 8, 3, 3),
(88, 8, 4, 3),
(89, 8, 5, 3),
(90, 8, 6, 3),
(91, 8, 7, 3),
(92, 8, 8, 3),
(93, 8, 9, 3),
(94, 8, 10, 4),
(95, 8, 11, 4),
(96, 8, 12, 4),
(97, 9, 1, 2),
(98, 9, 2, 3),
(99, 9, 3, 3),
(100, 9, 4, 2),
(101, 9, 5, 4),
(102, 9, 6, 4),
(103, 9, 7, 4),
(104, 9, 8, 4),
(105, 9, 9, 3),
(106, 9, 10, 3),
(107, 9, 11, 3),
(108, 9, 12, 2),
(109, 10, 1, 3),
(110, 10, 2, 4),
(111, 10, 3, 4),
(112, 10, 4, 3),
(113, 10, 5, 4),
(114, 10, 6, 4),
(115, 10, 7, 4),
(116, 10, 8, 4),
(117, 10, 9, 3),
(118, 10, 10, 1),
(119, 10, 11, 4),
(120, 10, 12, 3),
(121, 11, 1, 3),
(122, 11, 2, 4),
(123, 11, 3, 4),
(124, 11, 4, 3),
(125, 11, 5, 4),
(126, 11, 6, 4),
(127, 11, 7, 3),
(128, 11, 8, 4),
(129, 11, 9, 3),
(130, 11, 10, 3),
(131, 11, 11, 3),
(132, 11, 12, 2),
(133, 12, 1, 4),
(134, 12, 2, 4),
(135, 12, 3, 4),
(136, 12, 4, 4),
(137, 12, 5, 4),
(138, 12, 6, 1),
(139, 12, 7, 4),
(140, 12, 8, 4),
(141, 12, 9, 4),
(142, 12, 10, 4),
(143, 12, 11, 4),
(144, 12, 12, 3),
(145, 13, 1, 4),
(146, 13, 2, 3),
(147, 13, 3, 4),
(148, 13, 4, 4),
(149, 13, 5, 3),
(150, 13, 6, 4),
(151, 13, 7, 4),
(152, 13, 8, 5),
(153, 13, 9, 4),
(154, 13, 10, 4),
(155, 13, 11, 4),
(156, 13, 12, 4),
(157, 14, 1, 3),
(158, 14, 2, 2),
(159, 14, 3, 4),
(160, 14, 4, 4),
(161, 14, 5, 2),
(162, 14, 6, 2),
(163, 14, 7, 4),
(164, 14, 8, 4),
(165, 14, 9, 2),
(166, 14, 10, 3),
(167, 14, 11, 4),
(168, 14, 12, 1),
(169, 15, 1, 3),
(170, 15, 2, 4),
(171, 15, 3, 4),
(172, 15, 4, 3),
(173, 15, 5, 5),
(174, 15, 6, 4),
(175, 15, 7, 4),
(176, 15, 8, 2),
(177, 15, 9, 1),
(178, 15, 10, 2),
(179, 15, 11, 4),
(180, 15, 12, 3),
(181, 16, 1, 4),
(182, 16, 2, 4),
(183, 16, 3, 4),
(184, 16, 4, 4),
(185, 16, 5, 5),
(186, 16, 6, 5),
(187, 16, 7, 4),
(188, 16, 8, 4),
(189, 16, 9, 3),
(190, 16, 10, 4),
(191, 16, 11, 4),
(192, 16, 12, 3),
(193, 17, 1, 5),
(194, 17, 2, 5),
(195, 17, 3, 5),
(196, 17, 4, 5),
(197, 17, 5, 5),
(198, 17, 6, 5),
(199, 17, 7, 5),
(200, 17, 8, 5),
(201, 17, 9, 5),
(202, 17, 10, 5),
(203, 17, 11, 5),
(204, 17, 12, 5),
(205, 18, 1, 3),
(206, 18, 2, 4),
(207, 18, 3, 4),
(208, 18, 4, 4),
(209, 18, 5, 3),
(210, 18, 6, 4),
(211, 18, 7, 4),
(212, 18, 8, 4),
(213, 18, 9, 2),
(214, 18, 10, 3),
(215, 18, 11, 4),
(216, 18, 12, 3),
(217, 19, 1, 4),
(218, 19, 2, 4),
(219, 19, 3, 4),
(220, 19, 4, 4),
(221, 19, 5, 4),
(222, 19, 6, 5),
(223, 19, 7, 5),
(224, 19, 8, 5),
(225, 19, 9, 4),
(226, 19, 10, 4),
(227, 19, 11, 5),
(228, 19, 12, 3),
(229, 20, 1, 3),
(230, 20, 2, 3),
(231, 20, 3, 3),
(232, 20, 4, 4),
(233, 20, 5, 3),
(234, 20, 6, 4),
(235, 20, 7, 3),
(236, 20, 8, 3),
(237, 20, 9, 3),
(238, 20, 10, 3),
(239, 20, 11, 4),
(240, 20, 12, 3),
(241, 21, 1, 4),
(242, 21, 2, 5),
(243, 21, 3, 4),
(244, 21, 4, 4),
(245, 21, 5, 4),
(246, 21, 6, 4),
(247, 21, 7, 4),
(248, 21, 8, 4),
(249, 21, 9, 4),
(250, 21, 10, 4),
(251, 21, 11, 4),
(252, 21, 12, 4),
(253, 22, 1, 3),
(254, 22, 2, 4),
(255, 22, 3, 4),
(256, 22, 4, 3),
(257, 22, 5, 3),
(258, 22, 6, 5),
(259, 22, 7, 4),
(260, 22, 8, 4),
(261, 22, 9, 3),
(262, 22, 10, 2),
(263, 22, 11, 3),
(264, 22, 12, 4),
(265, 23, 1, 3),
(266, 23, 2, 4),
(267, 23, 3, 5),
(268, 23, 4, 4),
(269, 23, 5, 3),
(270, 23, 6, 4),
(271, 23, 7, 5),
(272, 23, 8, 3),
(273, 23, 9, 4),
(274, 23, 10, 4),
(275, 23, 11, 3),
(276, 23, 12, 4),
(277, 24, 1, 3),
(278, 24, 2, 4),
(279, 24, 3, 5),
(280, 24, 4, 4),
(281, 24, 5, 3),
(282, 24, 6, 3),
(283, 24, 7, 4),
(284, 24, 8, 4),
(285, 24, 9, 3),
(286, 24, 10, 2),
(287, 24, 11, 3),
(288, 24, 12, 3),
(289, 25, 1, 3),
(290, 25, 2, 3),
(291, 25, 3, 3),
(292, 25, 4, 3),
(293, 25, 5, 3),
(294, 25, 6, 3),
(295, 25, 7, 3),
(296, 25, 8, 3),
(297, 25, 9, 3),
(298, 25, 10, 4),
(299, 25, 11, 4),
(300, 25, 12, 4),
(301, 26, 1, 3),
(302, 26, 2, 3),
(303, 26, 3, 3),
(304, 26, 4, 3),
(305, 26, 5, 3),
(306, 26, 6, 3),
(307, 26, 7, 3),
(308, 26, 8, 3),
(309, 26, 9, 3),
(310, 26, 10, 4),
(311, 26, 11, 4),
(312, 26, 12, 4),
(313, 27, 1, 3),
(314, 27, 2, 4),
(315, 27, 3, 4),
(316, 27, 4, 3),
(317, 27, 5, 2),
(318, 27, 6, 3),
(319, 27, 7, 4),
(320, 27, 8, 3),
(321, 27, 9, 3),
(322, 27, 10, 3),
(323, 27, 11, 4),
(324, 27, 12, 2),
(325, 28, 1, 4),
(326, 28, 2, 5),
(327, 28, 3, 5),
(328, 28, 4, 4),
(329, 28, 5, 3),
(330, 28, 6, 3),
(331, 28, 7, 5),
(332, 28, 8, 5),
(333, 28, 9, 5),
(334, 28, 10, 5),
(335, 28, 11, 4),
(336, 28, 12, 4),
(337, 29, 1, 3),
(338, 29, 2, 3),
(339, 29, 3, 3),
(340, 29, 4, 3),
(341, 29, 5, 2),
(342, 29, 6, 2),
(343, 29, 7, 2),
(344, 29, 8, 3),
(345, 29, 9, 2),
(346, 29, 10, 2),
(347, 29, 11, 3),
(348, 29, 12, 3),
(349, 30, 1, 4),
(350, 30, 2, 4),
(351, 30, 3, 4),
(352, 30, 4, 5),
(353, 30, 5, 3),
(354, 30, 6, 4),
(355, 30, 7, 3),
(356, 30, 8, 3),
(357, 30, 9, 3),
(358, 30, 10, 3),
(359, 30, 11, 4),
(360, 30, 12, 2),
(361, 31, 1, 4),
(362, 31, 2, 4),
(363, 31, 3, 4),
(364, 31, 4, 4),
(365, 31, 5, 4),
(366, 31, 6, 4),
(367, 31, 7, 4),
(368, 31, 8, 4),
(369, 31, 9, 3),
(370, 31, 10, 3),
(371, 31, 11, 3),
(372, 31, 12, 3),
(373, 32, 1, 3),
(374, 32, 2, 3),
(375, 32, 3, 3),
(376, 32, 4, 3),
(377, 32, 5, 1),
(378, 32, 6, 3),
(379, 32, 7, 3),
(380, 32, 8, 3),
(381, 32, 9, 2),
(382, 32, 10, 3),
(383, 32, 11, 2),
(384, 32, 12, 1),
(385, 33, 1, 4),
(386, 33, 2, 4),
(387, 33, 3, 1),
(388, 33, 4, 5),
(389, 33, 5, 4),
(390, 33, 6, 4),
(391, 33, 7, 4),
(392, 33, 8, 4),
(393, 33, 9, 3),
(394, 33, 10, 3),
(395, 33, 11, 5),
(396, 33, 12, 3),
(397, 34, 1, 4),
(398, 34, 2, 4),
(399, 34, 3, 5),
(400, 34, 4, 3),
(401, 34, 5, 3),
(402, 34, 6, 5),
(403, 34, 7, 4),
(404, 34, 8, 4),
(405, 34, 9, 3),
(406, 34, 10, 2),
(407, 34, 11, 3),
(408, 34, 12, 3),
(409, 35, 1, 5),
(410, 35, 2, 4),
(411, 35, 3, 3),
(412, 35, 4, 5),
(413, 35, 5, 3),
(414, 35, 6, 2),
(415, 35, 7, 4),
(416, 35, 8, 2),
(417, 35, 9, 3),
(418, 35, 10, 5),
(419, 35, 11, 2),
(420, 35, 12, 4),
(421, 36, 1, 1),
(422, 36, 2, 1),
(423, 36, 3, 1),
(424, 36, 4, 3),
(425, 36, 5, 1),
(426, 36, 6, 2),
(427, 36, 7, 3),
(428, 36, 8, 3),
(429, 36, 9, 3),
(430, 36, 10, 2),
(431, 36, 11, 3),
(432, 36, 12, 3),
(433, 37, 1, 3),
(434, 37, 2, 3),
(435, 37, 3, 4),
(436, 37, 4, 4),
(437, 37, 5, 3),
(438, 37, 6, 5),
(439, 37, 7, 5),
(440, 37, 8, 5),
(441, 37, 9, 3),
(442, 37, 10, 2),
(443, 37, 11, 3),
(444, 37, 12, 2),
(445, 38, 1, 4),
(446, 38, 2, 4),
(447, 38, 3, 4),
(448, 38, 4, 4),
(449, 38, 5, 4),
(450, 38, 6, 4),
(451, 38, 7, 4),
(452, 38, 8, 4),
(453, 38, 9, 4),
(454, 38, 10, 3),
(455, 38, 11, 4),
(456, 38, 12, 4),
(457, 39, 1, 3),
(458, 39, 2, 5),
(459, 39, 3, 3),
(460, 39, 4, 3),
(461, 39, 5, 3),
(462, 39, 6, 3),
(463, 39, 7, 3),
(464, 39, 8, 3),
(465, 39, 9, 3),
(466, 39, 10, 3),
(467, 39, 11, 3),
(468, 39, 12, 3),
(469, 40, 1, 3),
(470, 40, 2, 5),
(471, 40, 3, 3),
(472, 40, 4, 3),
(473, 40, 5, 3),
(474, 40, 6, 3),
(475, 40, 7, 3),
(476, 40, 8, 3),
(477, 40, 9, 3),
(478, 40, 10, 3),
(479, 40, 11, 3),
(480, 40, 12, 3),
(481, 41, 1, 3),
(482, 41, 2, 3),
(483, 41, 3, 3),
(484, 41, 4, 4),
(485, 41, 5, 3),
(486, 41, 6, 3),
(487, 41, 7, 4),
(488, 41, 8, 5),
(489, 41, 9, 4),
(490, 41, 10, 3),
(491, 41, 11, 4),
(492, 41, 12, 4),
(493, 42, 1, 4),
(494, 42, 2, 4),
(495, 42, 3, 4),
(496, 42, 4, 3),
(497, 42, 5, 3),
(498, 42, 6, 4),
(499, 42, 7, 3),
(500, 42, 8, 4);

-- --------------------------------------------------------

--
-- Table structure for table `data_survey`
--

CREATE TABLE `data_survey` (
  `id_data` int(11) NOT NULL,
  `ID` varchar(100) NOT NULL,
  `X1` int(40) NOT NULL,
  `X2` int(40) NOT NULL,
  `X3` int(40) NOT NULL,
  `X4` int(40) NOT NULL,
  `X5` int(40) NOT NULL,
  `X6` int(40) NOT NULL,
  `X7` int(40) NOT NULL,
  `X8` int(40) NOT NULL,
  `X9` int(40) NOT NULL,
  `X10` int(40) NOT NULL,
  `X11` int(40) NOT NULL,
  `X12` int(40) NOT NULL
) ENGINE=InnoDB DEFAULT CHARSET=utf8mb4;

--
-- Dumping data for table `data_survey`
--

INSERT INTO `data_survey` (`id_data`, `ID`, `X1`, `X2`, `X3`, `X4`, `X5`, `X6`, `X7`, `X8`, `X9`, `X10`, `X11`, `X12`) VALUES
(1, 'ID1', 5, 5, 1, 4, 2, 3, 2, 3, 3, 3, 3, 3),
(2, 'ID2', 3, 4, 2, 3, 3, 4, 4, 3, 3, 3, 3, 3),
(3, 'ID3', 3, 2, 4, 3, 2, 2, 3, 4, 3, 2, 4, 3),
(4, 'ID4', 3, 3, 3, 4, 5, 5, 3, 3, 3, 5, 5, 5),
(5, 'ID5', 3, 3, 4, 4, 4, 5, 4, 5, 4, 3, 3, 4),
(6, 'ID6', 3, 3, 4, 2, 3, 4, 4, 3, 3, 2, 4, 2),
(7, 'ID7', 3, 3, 2, 5, 3, 4, 4, 5, 4, 3, 3, 3),
(8, 'ID8', 3, 3, 3, 3, 3, 3, 3, 3, 3, 4, 4, 4),
(9, 'ID9', 2, 3, 3, 2, 4, 4, 4, 4, 3, 3, 3, 2),
(10, 'ID10', 3, 4, 4, 3, 4, 4, 4, 4, 3, 1, 4, 3),
(11, 'ID11', 3, 4, 4, 3, 4, 4, 3, 4, 3, 3, 3, 2),
(12, 'ID12', 4, 4, 4, 4, 4, 1, 4, 4, 4, 4, 4, 3),
(13, 'ID13', 4, 3, 4, 4, 3, 4, 4, 5, 4, 4, 4, 4),
(14, 'ID14', 3, 2, 4, 4, 2, 2, 4, 4, 2, 3, 4, 1),
(15, 'ID15', 3, 4, 4, 3, 5, 4, 4, 2, 1, 2, 4, 3),
(16, 'ID16', 4, 4, 4, 4, 5, 5, 4, 4, 3, 4, 4, 3),
(17, 'ID17', 5, 5, 5, 5, 5, 5, 5, 5, 5, 5, 5, 5),
(18, 'ID18', 3, 4, 4, 4, 3, 4, 4, 4, 2, 3, 4, 3),
(19, 'ID19', 4, 4, 4, 4, 4, 5, 5, 5, 4, 4, 5, 3),
(20, 'ID20', 3, 3, 3, 4, 3, 4, 3, 3, 3, 3, 4, 3),
(21, 'ID21', 4, 5, 4, 4, 4, 4, 4, 4, 4, 4, 4, 4),
(22, 'ID22', 3, 4, 4, 3, 3, 5, 4, 4, 3, 2, 3, 4),
(23, 'ID23', 3, 4, 5, 4, 3, 4, 5, 3, 4, 4, 3, 4),
(24, 'ID24', 3, 4, 5, 4, 3, 3, 4, 4, 3, 2, 3, 3),
(25, 'ID25', 3, 3, 3, 3, 3, 3, 3, 3, 3, 4, 4, 4),
(26, 'ID26', 3, 3, 3, 3, 3, 3, 3, 3, 3, 4, 4, 4),
(27, 'ID27', 3, 4, 4, 3, 2, 3, 4, 3, 3, 3, 4, 2),
(28, 'ID28', 4, 5, 5, 4, 3, 3, 5, 5, 5, 5, 4, 4),
(29, 'ID29', 3, 3, 3, 3, 2, 2, 2, 3, 2, 2, 3, 3),
(30, 'ID30', 4, 4, 4, 5, 3, 4, 3, 3, 3, 3, 4, 2),
(31, 'ID31', 4, 4, 4, 4, 4, 4, 4, 4, 3, 3, 3, 3),
(32, 'ID32', 3, 3, 3, 3, 1, 3, 3, 3, 2, 3, 2, 1),
(33, 'ID33', 4, 4, 1, 5, 4, 4, 4, 4, 3, 3, 5, 3),
(34, 'ID34', 4, 4, 5, 3, 3, 5, 4, 4, 3, 2, 3, 3),
(35, 'ID35', 5, 4, 3, 5, 3, 2, 4, 2, 3, 5, 2, 4),
(36, 'ID36', 1, 1, 1, 3, 1, 2, 3, 3, 3, 2, 3, 3),
(37, 'ID37', 3, 3, 4, 4, 3, 5, 5, 5, 3, 2, 3, 2),
(38, 'ID38', 4, 4, 4, 4, 4, 4, 4, 4, 4, 3, 4, 4),
(39, 'ID39', 3, 5, 3, 3, 3, 3, 3, 3, 3, 3, 3, 3),
(40, 'ID40', 3, 5, 3, 3, 3, 3, 3, 3, 3, 3, 3, 3),
(41, 'ID41', 3, 3, 3, 4, 3, 3, 4, 5, 4, 3, 4, 4),
(42, 'ID42', 4, 4, 4, 3, 3, 4, 3, 4, 4, 3, 4, 4),
(43, 'ID43', 5, 5, 4, 4, 5, 5, 5, 5, 5, 5, 4, 5),
(44, 'ID44', 4, 4, 4, 4, 3, 4, 3, 3, 3, 3, 4, 4),
(45, 'ID45', 4, 4, 3, 4, 3, 4, 4, 4, 4, 4, 4, 4),
(46, 'ID46', 5, 3, 5, 5, 5, 5, 5, 5, 5, 5, 5, 5),
(47, 'ID47', 4, 4, 4, 4, 4, 4, 4, 4, 4, 4, 4, 4),
(48, 'ID48', 3, 3, 3, 3, 3, 3, 3, 3, 3, 4, 4, 4),
(49, 'ID49', 3, 3, 3, 4, 4, 3, 3, 4, 4, 2, 4, 4),
(50, 'ID50', 4, 3, 3, 4, 3, 5, 3, 4, 4, 3, 5, 4),
(51, 'ID51', 5, 4, 4, 5, 4, 5, 4, 4, 4, 3, 4, 5),
(52, 'ID52', 4, 4, 4, 3, 4, 4, 4, 4, 4, 4, 4, 4),
(53, 'ID53', 3, 5, 5, 5, 3, 5, 5, 4, 4, 2, 4, 4),
(54, 'ID54', 4, 4, 4, 4, 4, 4, 4, 4, 4, 4, 4, 4),
(55, 'ID55', 4, 4, 4, 4, 4, 4, 5, 4, 4, 4, 5, 4),
(56, 'ID56', 5, 4, 5, 4, 5, 5, 5, 4, 4, 5, 5, 4),
(57, 'ID57', 4, 4, 3, 4, 4, 3, 3, 4, 4, 3, 4, 4),
(58, 'ID58', 4, 4, 5, 4, 3, 5, 4, 4, 4, 3, 3, 3),
(59, 'ID59', 4, 5, 4, 4, 4, 5, 4, 4, 4, 4, 4, 2),
(60, 'ID60', 3, 4, 4, 4, 4, 4, 4, 4, 4, 4, 4, 3),
(61, 'ID61', 4, 4, 4, 5, 5, 5, 4, 4, 4, 3, 4, 4),
(62, 'ID62', 3, 3, 3, 3, 4, 4, 3, 4, 3, 3, 4, 3),
(63, 'ID63', 4, 4, 4, 4, 4, 4, 4, 4, 4, 4, 4, 4),
(64, 'ID64', 4, 4, 4, 4, 4, 4, 4, 4, 4, 4, 4, 4),
(65, 'ID65', 3, 3, 4, 4, 3, 5, 4, 4, 4, 3, 2, 3),
(66, 'ID66', 4, 4, 4, 4, 4, 4, 4, 4, 4, 4, 4, 4),
(67, 'ID67', 4, 4, 4, 4, 4, 4, 4, 4, 4, 3, 4, 4),
(68, 'ID68', 4, 3, 4, 3, 4, 4, 4, 4, 4, 4, 4, 4),
(69, 'ID69', 4, 4, 4, 4, 4, 4, 4, 4, 4, 4, 3, 4),
(70, 'ID70', 5, 5, 5, 5, 5, 5, 5, 5, 5, 5, 5, 5),
(71, 'ID71', 4, 4, 4, 3, 4, 4, 4, 4, 4, 4, 4, 4),
(72, 'ID72', 4, 4, 5, 5, 3, 4, 5, 4, 5, 3, 4, 4),
(73, 'ID73', 4, 4, 4, 5, 3, 4, 4, 5, 4, 4, 3, 3),
(74, 'ID74', 4, 4, 4, 3, 4, 3, 4, 4, 4, 4, 5, 2),
(75, 'ID75', 4, 4, 4, 4, 4, 4, 4, 4, 3, 4, 4, 3),
(76, 'ID76', 3, 4, 4, 4, 4, 4, 4, 4, 3, 4, 4, 3),
(77, 'ID77', 3, 4, 3, 5, 3, 4, 3, 3, 4, 3, 3, 4),
(78, 'ID78', 4, 4, 4, 4, 4, 4, 4, 5, 4, 4, 5, 5),
(79, 'ID79', 2, 4, 2, 2, 3, 3, 2, 3, 2, 3, 3, 3),
(80, 'ID80', 4, 4, 4, 4, 4, 4, 4, 4, 4, 4, 4, 4),
(81, 'ID81', 2, 2, 3, 3, 2, 3, 2, 4, 2, 2, 2, 2),
(82, 'ID82', 4, 4, 5, 4, 3, 4, 5, 4, 4, 4, 4, 4),
(83, 'ID83', 4, 4, 4, 4, 4, 4, 4, 4, 4, 4, 4, 4),
(84, 'ID84', 4, 4, 4, 4, 4, 4, 4, 4, 4, 4, 4, 4),
(85, 'ID85', 4, 4, 4, 4, 4, 4, 4, 4, 4, 4, 4, 4),
(86, 'ID86', 3, 4, 2, 4, 4, 4, 2, 2, 2, 3, 3, 3),
(87, 'ID87', 3, 3, 3, 3, 3, 5, 5, 5, 5, 4, 4, 4),
(88, 'ID88', 4, 4, 4, 5, 3, 4, 4, 4, 4, 3, 4, 5),
(89, 'ID89', 4, 5, 4, 4, 4, 4, 4, 4, 4, 3, 4, 5),
(90, 'ID90', 4, 4, 5, 5, 3, 3, 4, 4, 3, 3, 4, 2),
(91, 'ID91', 4, 5, 3, 4, 4, 5, 4, 5, 4, 4, 4, 4),
(92, 'ID92', 4, 4, 3, 3, 4, 5, 4, 4, 4, 4, 4, 4),
(93, 'ID93', 3, 3, 2, 4, 3, 3, 2, 3, 3, 2, 3, 3),
(94, 'ID94', 4, 4, 4, 3, 3, 3, 3, 3, 3, 3, 3, 3),
(95, 'ID95', 4, 4, 3, 4, 4, 4, 4, 4, 4, 4, 4, 4),
(96, 'ID96', 4, 4, 3, 4, 4, 3, 4, 4, 4, 4, 3, 5),
(97, 'ID97', 4, 4, 4, 4, 4, 4, 4, 4, 4, 4, 4, 4),
(98, 'ID98', 4, 4, 4, 5, 3, 4, 4, 4, 4, 4, 4, 4),
(99, 'ID99', 4, 4, 4, 4, 4, 4, 4, 4, 3, 3, 5, 3),
(100, 'ID100', 2, 5, 5, 4, 3, 4, 4, 3, 3, 2, 3, 3),
(101, 'ID101', 4, 4, 4, 4, 3, 4, 4, 4, 4, 4, 4, 4),
(102, 'ID102', 3, 4, 4, 4, 3, 2, 4, 4, 2, 3, 4, 2),
(103, 'ID103', 3, 4, 4, 3, 4, 4, 4, 3, 3, 2, 4, 3),
(104, 'ID104', 3, 3, 4, 3, 2, 4, 4, 4, 3, 4, 5, 3),
(105, 'ID105', 4, 4, 5, 5, 4, 4, 5, 4, 3, 4, 4, 4),
(106, 'ID106', 3, 4, 3, 4, 3, 4, 4, 4, 3, 3, 4, 3),
(107, 'ID107', 3, 5, 2, 3, 4, 3, 2, 4, 5, 1, 3, 3),
(108, 'ID108', 3, 5, 3, 2, 1, 4, 4, 3, 4, 1, 2, 3),
(109, 'ID109', 5, 1, 2, 4, 3, 4, 3, 4, 2, 4, 4, 5),
(110, 'ID110', 5, 3, 4, 5, 3, 4, 3, 5, 4, 2, 3, 3),
(111, 'ID111', 2, 4, 1, 2, 4, 3, 4, 3, 4, 1, 3, 5),
(112, 'ID112', 3, 3, 3, 4, 2, 5, 4, 3, 4, 3, 3, 4),
(113, 'ID113', 3, 3, 4, 5, 2, 5, 4, 4, 4, 3, 3, 3),
(114, 'ID114', 2, 3, 4, 5, 1, 5, 3, 3, 4, 4, 5, 3),
(115, 'ID115', 3, 3, 2, 2, 1, 5, 5, 4, 4, 3, 3, 3),
(116, 'ID116', 5, 5, 5, 5, 3, 5, 5, 5, 4, 5, 5, 5),
(117, 'ID117', 3, 5, 5, 5, 3, 5, 5, 5, 4, 5, 5, 5),
(118, 'ID118', 2, 3, 3, 3, 2, 5, 4, 4, 4, 3, 3, 3),
(119, 'ID119', 3, 5, 5, 5, 3, 5, 5, 5, 4, 5, 5, 5),
(120, 'ID120', 4, 4, 2, 2, 2, 5, 3, 4, 4, 2, 3, 2),
(121, 'ID121', 3, 2, 3, 5, 3, 5, 2, 3, 3, 2, 3, 3),
(122, 'ID122', 2, 3, 2, 3, 4, 5, 2, 2, 3, 3, 3, 3),
(123, 'ID123', 1, 2, 1, 2, 2, 5, 2, 3, 3, 2, 3, 3),
(124, 'ID124', 3, 2, 3, 5, 2, 3, 2, 3, 3, 3, 3, 3),
(125, 'ID125', 5, 4, 4, 3, 3, 3, 2, 2, 3, 5, 3, 3),
(126, 'ID126', 3, 3, 3, 2, 2, 4, 2, 5, 3, 3, 3, 3),
(127, 'ID127', 5, 3, 3, 4, 2, 4, 3, 2, 3, 4, 3, 5),
(128, 'ID128', 3, 3, 2, 2, 4, 4, 3, 4, 3, 3, 3, 3),
(129, 'ID129', 3, 2, 4, 4, 2, 4, 3, 4, 3, 2, 5, 3),
(130, 'ID130', 2, 2, 1, 3, 4, 4, 3, 3, 3, 1, 4, 3),
(131, 'ID131', 4, 2, 2, 3, 1, 3, 3, 3, 4, 4, 2, 5),
(132, 'ID132', 2, 2, 2, 3, 2, 3, 4, 3, 3, 3, 3, 3),
(133, 'ID133', 4, 2, 2, 4, 4, 3, 4, 2, 3, 2, 3, 3),
(134, 'ID134', 1, 3, 3, 4, 4, 3, 5, 5, 3, 3, 3, 3),
(135, 'ID135', 2, 4, 4, 1, 1, 3, 5, 2, 2, 3, 3, 3),
(136, 'ID136', 3, 3, 3, 1, 3, 3, 5, 3, 2, 4, 3, 3),
(137, 'ID137', 2, 4, 2, 2, 3, 4, 5, 4, 2, 3, 3, 3),
(138, 'ID138', 2, 3, 3, 3, 3, 4, 5, 3, 3, 3, 2, 2),
(139, 'ID139', 4, 3, 2, 4, 3, 4, 4, 3, 3, 3, 3, 3),
(140, 'ID140', 4, 2, 3, 3, 4, 5, 4, 2, 3, 2, 3, 3),
(141, 'ID141', 2, 3, 2, 2, 5, 5, 4, 3, 3, 2, 3, 3),
(142, 'ID142', 2, 4, 4, 3, 3, 5, 4, 3, 2, 4, 3, 3),
(143, 'ID143', 2, 4, 3, 3, 3, 5, 4, 3, 2, 3, 2, 2),
(144, 'ID144', 3, 3, 3, 4, 5, 5, 3, 2, 2, 3, 3, 3),
(145, 'ID145', 2, 4, 4, 3, 2, 4, 3, 3, 2, 3, 4, 5),
(146, 'ID146', 5, 4, 3, 3, 3, 4, 3, 4, 3, 5, 3, 3),
(147, 'ID147', 2, 3, 2, 3, 3, 4, 3, 4, 3, 4, 3, 3),
(148, 'ID148', 4, 4, 3, 3, 3, 4, 3, 3, 3, 2, 3, 3),
(149, 'ID149', 3, 4, 4, 3, 3, 3, 4, 3, 3, 3, 3, 3),
(150, 'ID150', 3, 2, 2, 4, 3, 3, 4, 3, 3, 3, 2, 2),
(151, 'ID151', 2, 4, 4, 4, 4, 4, 4, 4, 3, 3, 3, 3),
(152, 'ID152', 2, 2, 3, 2, 5, 4, 4, 3, 2, 3, 4, 4),
(153, 'ID153', 2, 2, 3, 3, 3, 4, 4, 2, 2, 3, 3, 5),
(154, 'ID154', 2, 2, 2, 4, 3, 5, 4, 2, 2, 3, 3, 2),
(155, 'ID155', 3, 4, 3, 3, 3, 5, 4, 2, 2, 3, 3, 3),
(156, 'ID156', 3, 4, 5, 4, 3, 5, 4, 2, 2, 3, 3, 3),
(157, 'ID157', 3, 2, 3, 4, 4, 5, 3, 3, 3, 5, 3, 2),
(158, 'ID158', 2, 4, 3, 3, 3, 5, 4, 2, 3, 1, 4, 3),
(159, 'ID159', 2, 3, 2, 5, 2, 5, 4, 3, 3, 3, 3, 3),
(160, 'ID160', 3, 1, 2, 3, 5, 4, 4, 3, 3, 3, 3, 3),
(161, 'ID161', 3, 5, 2, 2, 2, 4, 4, 3, 3, 3, 3, 3),
(162, 'ID162', 3, 3, 3, 4, 3, 4, 4, 4, 2, 3, 4, 1),
(163, 'ID163', 3, 4, 2, 2, 2, 4, 4, 2, 2, 3, 3, 3),
(164, 'ID164', 3, 3, 1, 4, 4, 4, 4, 4, 2, 3, 3, 3),
(165, 'ID165', 2, 3, 4, 5, 3, 4, 4, 2, 3, 4, 3, 2),
(166, 'ID166', 3, 3, 3, 3, 3, 4, 4, 3, 3, 3, 3, 3),
(167, 'ID167', 3, 4, 1, 3, 2, 5, 4, 2, 3, 3, 3, 3),
(168, 'ID168', 3, 4, 4, 4, 3, 5, 2, 3, 3, 3, 3, 3),
(169, 'ID169', 3, 4, 5, 3, 2, 5, 5, 3, 3, 3, 2, 2),
(170, 'ID170', 3, 4, 2, 3, 3, 4, 4, 3, 3, 3, 2, 2),
(171, 'ID171', 3, 4, 1, 2, 4, 4, 4, 3, 3, 2, 3, 3),
(172, 'ID172', 2, 2, 1, 5, 3, 3, 4, 5, 2, 3, 3, 3),
(173, 'ID173', 3, 3, 4, 4, 3, 3, 4, 2, 2, 3, 3, 4),
(174, 'ID174', 3, 3, 2, 3, 3, 3, 3, 5, 2, 3, 3, 3),
(175, 'ID175', 2, 3, 3, 3, 1, 3, 3, 5, 2, 2, 3, 2),
(176, 'ID176', 2, 4, 4, 4, 4, 3, 3, 4, 3, 3, 3, 5),
(177, 'ID177', 4, 3, 3, 2, 1, 3, 3, 4, 3, 3, 3, 3),
(178, 'ID178', 4, 3, 2, 3, 3, 3, 3, 3, 3, 3, 4, 3),
(179, 'ID179', 3, 2, 2, 4, 2, 4, 3, 3, 3, 3, 3, 3),
(180, 'ID180', 2, 4, 2, 3, 3, 4, 3, 5, 3, 3, 3, 3),
(181, 'ID181', 3, 4, 3, 3, 2, 4, 3, 4, 3, 2, 3, 5),
(182, 'ID182', 4, 2, 4, 4, 4, 4, 3, 5, 3, 3, 3, 3),
(183, 'ID183', 3, 3, 2, 2, 2, 5, 3, 2, 2, 1, 5, 3),
(184, 'ID184', 2, 3, 2, 2, 1, 5, 3, 3, 2, 3, 3, 2),
(185, 'ID185', 2, 3, 1, 2, 1, 5, 3, 4, 2, 1, 3, 3),
(186, 'ID186', 2, 2, 1, 3, 4, 5, 3, 5, 2, 3, 3, 3),
(187, 'ID187', 3, 4, 3, 2, 1, 5, 2, 2, 2, 1, 3, 3),
(188, 'ID188', 3, 2, 3, 4, 1, 5, 4, 5, 3, 2, 3, 3),
(189, 'ID189', 3, 2, 3, 4, 1, 5, 4, 4, 4, 3, 3, 3),
(190, 'ID190', 4, 2, 1, 3, 4, 4, 5, 4, 4, 3, 3, 3),
(191, 'ID191', 4, 2, 3, 1, 2, 3, 5, 2, 4, 3, 3, 2),
(192, 'ID192', 4, 2, 2, 3, 3, 4, 4, 2, 4, 2, 3, 3),
(193, 'ID193', 3, 3, 2, 3, 3, 3, 3, 4, 3, 3, 2, 3),
(194, 'ID194', 3, 2, 2, 2, 2, 3, 4, 5, 3, 3, 2, 3),
(195, 'ID195', 3, 2, 1, 3, 4, 3, 3, 4, 3, 3, 2, 3),
(196, 'ID196', 2, 3, 3, 3, 3, 3, 3, 2, 3, 5, 2, 4),
(197, 'ID197', 1, 2, 4, 4, 2, 3, 3, 2, 3, 5, 2, 3),
(198, 'ID198', 5, 4, 2, 3, 2, 3, 3, 4, 3, 3, 2, 2),
(199, 'ID199', 2, 3, 2, 4, 3, 4, 3, 3, 3, 5, 3, 3),
(200, 'ID200', 2, 3, 2, 3, 3, 4, 3, 3, 3, 3, 3, 3),
(201, 'ID201', 3, 2, 2, 2, 3, 4, 3, 3, 3, 4, 3, 5),
(202, 'ID202', 3, 2, 3, 4, 3, 4, 3, 4, 3, 3, 3, 3),
(203, 'ID203', 3, 2, 2, 3, 2, 5, 3, 5, 2, 3, 3, 3),
(204, 'ID204', 4, 3, 2, 2, 2, 5, 4, 3, 2, 4, 3, 1),
(205, 'ID205', 4, 3, 5, 3, 4, 5, 3, 5, 2, 1, 3, 3),
(206, 'ID206', 4, 3, 5, 4, 2, 5, 3, 2, 2, 5, 4, 1),
(207, 'ID207', 4, 4, 1, 4, 4, 5, 3, 4, 2, 5, 4, 3),
(208, 'ID208', 3, 3, 3, 3, 2, 4, 5, 3, 2, 3, 4, 3),
(209, 'ID209', 3, 2, 5, 5, 3, 4, 3, 5, 2, 2, 4, 2),
(210, 'ID210', 4, 5, 5, 4, 3, 4, 5, 3, 2, 3, 4, 3),
(211, 'ID211', 3, 3, 3, 4, 4, 4, 3, 3, 2, 2, 4, 4),
(212, 'ID212', 2, 1, 3, 4, 5, 4, 3, 2, 3, 3, 4, 4),
(213, 'ID213', 3, 4, 3, 2, 2, 4, 3, 4, 3, 2, 4, 4),
(214, 'ID214', 4, 3, 4, 2, 4, 4, 3, 3, 2, 3, 4, 4),
(215, 'ID215', 5, 5, 3, 3, 5, 4, 3, 4, 2, 2, 4, 4),
(216, 'ID216', 4, 4, 3, 3, 1, 4, 4, 4, 2, 5, 3, 4),
(217, 'ID217', 2, 2, 2, 3, 3, 4, 4, 2, 2, 3, 3, 4),
(218, 'ID218', 2, 3, 3, 3, 4, 4, 4, 3, 2, 2, 3, 4),
(219, 'ID219', 3, 4, 2, 4, 2, 4, 4, 5, 3, 3, 3, 4),
(220, 'ID220', 4, 4, 3, 2, 2, 4, 4, 3, 3, 2, 3, 4),
(221, 'ID221', 5, 4, 2, 3, 5, 3, 4, 2, 3, 3, 3, 4),
(222, 'ID222', 5, 2, 4, 4, 5, 3, 2, 3, 3, 1, 3, 4),
(223, 'ID223', 3, 3, 1, 3, 2, 3, 4, 3, 3, 3, 3, 4),
(224, 'ID224', 2, 4, 5, 5, 1, 3, 4, 3, 3, 4, 3, 4),
(225, 'ID225', 3, 2, 2, 4, 3, 4, 3, 4, 3, 3, 3, 4),
(226, 'ID226', 3, 4, 4, 2, 3, 5, 3, 3, 2, 1, 3, 4),
(227, 'ID227', 3, 2, 1, 2, 3, 5, 3, 3, 2, 1, 4, 4),
(228, 'ID228', 4, 3, 3, 2, 4, 5, 3, 2, 3, 2, 4, 4),
(229, 'ID229', 4, 3, 3, 2, 2, 5, 3, 2, 3, 1, 4, 4),
(230, 'ID230', 3, 3, 2, 3, 2, 5, 4, 3, 3, 2, 4, 3),
(231, 'ID231', 3, 1, 2, 2, 3, 4, 4, 3, 3, 2, 4, 3),
(232, 'ID232', 2, 3, 4, 4, 3, 4, 4, 2, 3, 2, 4, 3),
(233, 'ID233', 2, 1, 1, 5, 1, 4, 4, 3, 3, 2, 3, 3),
(234, 'ID234', 2, 2, 1, 4, 1, 4, 4, 4, 3, 2, 3, 3),
(235, 'ID235', 2, 2, 2, 2, 3, 4, 5, 2, 3, 3, 3, 3),
(236, 'ID236', 2, 3, 3, 3, 2, 4, 5, 4, 3, 3, 2, 3),
(237, 'ID237', 3, 2, 1, 2, 3, 4, 5, 3, 3, 3, 2, 3),
(238, 'ID238', 3, 4, 5, 4, 1, 5, 5, 3, 3, 3, 2, 3),
(239, 'ID239', 4, 4, 4, 4, 4, 5, 4, 4, 3, 4, 2, 3),
(240, 'ID240', 4, 3, 2, 3, 2, 5, 4, 4, 3, 4, 3, 3),
(241, 'ID241', 4, 3, 1, 2, 2, 5, 4, 5, 3, 4, 3, 3),
(242, 'ID242', 3, 3, 2, 4, 4, 5, 3, 2, 3, 4, 3, 2),
(243, 'ID243', 4, 4, 3, 2, 1, 5, 3, 2, 3, 4, 3, 2),
(244, 'ID244', 4, 2, 3, 2, 4, 4, 3, 2, 3, 3, 3, 2),
(245, 'ID245', 4, 4, 3, 2, 1, 4, 3, 2, 3, 3, 3, 2),
(246, 'ID246', 3, 3, 2, 3, 1, 4, 3, 3, 3, 4, 4, 2),
(247, 'ID247', 2, 4, 4, 2, 3, 5, 4, 5, 2, 2, 3, 2),
(248, 'ID248', 5, 5, 4, 3, 2, 5, 4, 3, 2, 3, 5, 2),
(249, 'ID249', 4, 4, 5, 5, 2, 4, 4, 3, 2, 4, 5, 2),
(250, 'ID250', 4, 3, 3, 3, 1, 4, 4, 3, 2, 3, 5, 2),
(251, 'ID251', 5, 2, 3, 2, 1, 4, 4, 3, 3, 1, 5, 2),
(252, 'ID252', 2, 3, 3, 2, 3, 4, 5, 3, 3, 3, 5, 2),
(253, 'ID253', 2, 3, 4, 5, 4, 4, 5, 3, 3, 3, 5, 2),
(254, 'ID254', 5, 3, 2, 3, 3, 4, 5, 3, 3, 2, 5, 2),
(255, 'ID255', 4, 3, 4, 2, 2, 4, 5, 2, 3, 5, 4, 2),
(256, 'ID256', 5, 3, 1, 4, 2, 4, 4, 5, 2, 2, 4, 2),
(257, 'ID257', 3, 3, 2, 5, 3, 4, 3, 3, 2, 3, 4, 2),
(258, 'ID258', 5, 5, 4, 4, 3, 4, 3, 2, 2, 2, 4, 2),
(259, 'ID259', 2, 3, 2, 3, 3, 4, 3, 4, 3, 3, 3, 3),
(260, 'ID260', 3, 2, 2, 4, 3, 4, 4, 3, 3, 3, 3, 3),
(261, 'ID261', 2, 3, 3, 3, 4, 4, 4, 2, 4, 5, 3, 3),
(262, 'ID262', 3, 2, 5, 5, 1, 4, 4, 3, 4, 3, 3, 3),
(263, 'ID263', 2, 4, 4, 4, 2, 4, 5, 5, 4, 2, 3, 3),
(264, 'ID264', 3, 4, 4, 5, 2, 4, 5, 2, 4, 3, 3, 3),
(265, 'ID265', 4, 3, 4, 5, 4, 4, 5, 3, 3, 3, 3, 3),
(266, 'ID266', 5, 3, 3, 2, 2, 4, 5, 3, 3, 4, 3, 3),
(267, 'ID267', 4, 5, 5, 3, 4, 4, 4, 5, 3, 3, 3, 3),
(268, 'ID268', 3, 3, 3, 2, 2, 4, 4, 5, 3, 3, 3, 3),
(269, 'ID269', 2, 2, 2, 3, 3, 4, 4, 4, 3, 4, 3, 3),
(270, 'ID270', 1, 3, 4, 4, 2, 4, 5, 3, 3, 3, 3, 3),
(271, 'ID271', 2, 3, 2, 2, 3, 3, 5, 5, 3, 5, 4, 3),
(272, 'ID272', 3, 3, 3, 2, 2, 3, 5, 4, 4, 5, 4, 3),
(273, 'ID273', 5, 5, 5, 4, 3, 3, 5, 2, 4, 3, 4, 3),
(274, 'ID274', 4, 3, 3, 3, 2, 3, 5, 3, 4, 4, 4, 3),
(275, 'ID275', 3, 5, 5, 4, 3, 3, 4, 2, 4, 3, 4, 3),
(276, 'ID276', 2, 2, 1, 3, 3, 3, 4, 5, 4, 3, 2, 3),
(277, 'ID277', 2, 4, 2, 2, 3, 3, 4, 5, 4, 4, 2, 3),
(278, 'ID278', 2, 3, 3, 2, 2, 3, 5, 3, 3, 5, 2, 3),
(279, 'ID279', 3, 4, 2, 2, 1, 3, 5, 3, 3, 5, 2, 4),
(280, 'ID280', 4, 4, 2, 3, 3, 3, 5, 4, 3, 5, 3, 4),
(281, 'ID281', 3, 3, 2, 2, 3, 4, 4, 4, 3, 3, 4, 4),
(282, 'ID282', 4, 2, 3, 4, 2, 4, 4, 3, 3, 4, 4, 4),
(283, 'ID283', 4, 4, 2, 2, 3, 4, 4, 3, 3, 2, 4, 3),
(284, 'ID284', 2, 3, 3, 3, 3, 5, 4, 3, 3, 3, 4, 3),
(285, 'ID285', 4, 4, 4, 3, 3, 5, 4, 2, 3, 3, 4, 3),
(286, 'ID286', 3, 2, 1, 2, 4, 5, 5, 5, 3, 2, 4, 3),
(287, 'ID287', 3, 2, 3, 2, 1, 5, 5, 2, 4, 3, 3, 3),
(288, 'ID288', 2, 4, 5, 3, 2, 5, 5, 3, 4, 5, 3, 3),
(289, 'ID289', 2, 4, 2, 2, 3, 5, 5, 2, 4, 3, 3, 3),
(290, 'ID290', 2, 3, 4, 5, 3, 4, 4, 4, 4, 2, 3, 3),
(291, 'ID291', 5, 3, 4, 2, 2, 4, 3, 5, 3, 4, 3, 3),
(292, 'ID292', 5, 3, 3, 2, 4, 4, 4, 3, 3, 4, 5, 3),
(293, 'ID293', 4, 3, 3, 3, 2, 4, 4, 2, 3, 4, 3, 3),
(294, 'ID294', 5, 4, 5, 5, 3, 4, 5, 3, 3, 3, 3, 3),
(295, 'ID295', 5, 3, 4, 4, 2, 4, 5, 4, 3, 2, 3, 3),
(296, 'ID296', 4, 3, 5, 5, 3, 4, 5, 5, 3, 3, 4, 3),
(297, 'ID297', 4, 2, 4, 4, 2, 4, 4, 3, 3, 4, 4, 3),
(298, 'ID298', 3, 5, 5, 5, 2, 4, 4, 3, 3, 2, 4, 3),
(299, 'ID299', 3, 4, 4, 2, 2, 4, 5, 2, 3, 4, 4, 3),
(300, 'ID300', 3, 4, 2, 3, 3, 4, 4, 4, 3, 2, 4, 3);

-- --------------------------------------------------------

--
-- Table structure for table `data_survey_baru`
--

CREATE TABLE `data_survey_baru` (
  `id` int(11) NOT NULL,
  `NO` int(11) DEFAULT NULL,
  `X1` int(11) DEFAULT NULL,
  `X2` int(11) DEFAULT NULL,
  `X3` int(11) DEFAULT NULL,
  `X4` int(11) DEFAULT NULL,
  `X5` int(11) DEFAULT NULL,
  `X6` int(11) DEFAULT NULL,
  `X7` int(11) DEFAULT NULL,
  `X8` int(11) DEFAULT NULL,
  `X9` int(11) DEFAULT NULL,
  `X10` int(11) DEFAULT NULL,
  `X11` int(11) DEFAULT NULL,
  `X12` int(11) DEFAULT NULL,
  `partisi1` float DEFAULT NULL,
  `partisi2` float DEFAULT NULL,
  `partisi3` float DEFAULT NULL,
  `jumlah` int(11) DEFAULT NULL
) ENGINE=InnoDB DEFAULT CHARSET=utf8mb4;

--
-- Dumping data for table `data_survey_baru`
--

INSERT INTO `data_survey_baru` (`id`, `NO`, `X1`, `X2`, `X3`, `X4`, `X5`, `X6`, `X7`, `X8`, `X9`, `X10`, `X11`, `X12`, `partisi1`, `partisi2`, `partisi3`, `jumlah`) VALUES
(1, 1, 5, 5, 1, 4, 2, 3, 2, 3, 3, 3, 3, 3, 0.35, 0.31, 0.34, 1),
(2, 2, 3, 4, 2, 3, 3, 4, 4, 3, 3, 3, 3, 3, 0.32, 0.35, 0.33, 1),
(3, 3, 3, 2, 4, 3, 2, 2, 3, 4, 3, 2, 4, 3, 0.31, 0.34, 0.35, 1),
(4, 4, 3, 3, 3, 4, 5, 5, 3, 3, 3, 5, 5, 5, 0.36, 0.33, 0.31, 1),
(5, 5, 3, 3, 4, 4, 4, 5, 4, 5, 4, 3, 3, 4, 0.31, 0.37, 0.32, 1),
(6, 6, 3, 3, 4, 2, 3, 4, 4, 3, 3, 2, 4, 2, 0.35, 0.31, 0.34, 1),
(7, 7, 3, 3, 2, 5, 3, 4, 4, 5, 4, 3, 3, 3, 0.31, 0.35, 0.34, 1),
(8, 8, 3, 3, 3, 3, 3, 3, 3, 3, 3, 4, 4, 4, 0.35, 0.33, 0.32, 1),
(9, 9, 2, 3, 3, 2, 4, 4, 4, 4, 3, 3, 3, 2, 0.33, 0.35, 0.32, 1),
(10, 10, 3, 4, 4, 3, 4, 4, 4, 4, 3, 1, 4, 3, 0.32, 0.33, 0.35, 1),
(11, 11, 3, 4, 4, 3, 4, 4, 3, 4, 3, 3, 3, 2, 0.35, 0.33, 0.32, 1),
(12, 12, 4, 4, 4, 4, 4, 1, 4, 4, 4, 4, 4, 3, 0.32, 0.33, 0.35, 1),
(13, 13, 4, 3, 4, 4, 3, 4, 4, 5, 4, 4, 4, 4, 0.35, 0.31, 0.34, 1),
(14, 14, 3, 2, 4, 4, 2, 2, 4, 4, 2, 3, 4, 1, 0.35, 0.33, 0.32, 1),
(15, 15, 3, 4, 4, 3, 5, 4, 4, 2, 1, 2, 4, 3, 0.33, 0.35, 0.32, 1),
(16, 16, 4, 4, 4, 4, 5, 5, 4, 4, 3, 4, 4, 3, 0.35, 0.33, 0.32, 1),
(17, 17, 5, 5, 5, 5, 5, 5, 5, 5, 5, 5, 5, 5, 0.37, 0.31, 0.32, 1),
(18, 18, 3, 4, 4, 4, 3, 4, 4, 4, 2, 3, 4, 3, 0.35, 0.33, 0.32, 1),
(19, 19, 4, 4, 4, 4, 4, 5, 5, 5, 4, 4, 5, 3, 0.37, 0.32, 0.31, 1),
(20, 20, 3, 3, 3, 4, 3, 4, 3, 3, 3, 3, 4, 3, 0.35, 0.33, 0.32, 1),
(21, 21, 4, 5, 4, 4, 4, 4, 4, 4, 4, 4, 4, 4, 0.32, 0.35, 0.32, 1),
(22, 22, 3, 4, 4, 3, 3, 5, 4, 4, 3, 2, 3, 4, 0.37, 0.31, 0.32, 1),
(23, 23, 3, 4, 5, 4, 3, 4, 5, 3, 4, 4, 3, 4, 0.35, 0.33, 0.32, 1),
(24, 24, 3, 4, 5, 4, 3, 3, 4, 4, 3, 2, 3, 3, 0.33, 0.35, 0.32, 1),
(25, 25, 3, 3, 3, 3, 3, 3, 3, 3, 3, 4, 4, 4, 0.34, 0.33, 0.33, 1),
(26, 26, 3, 3, 3, 3, 3, 3, 3, 3, 3, 4, 4, 4, 0.38, 0.31, 0.31, 1),
(27, 27, 3, 4, 4, 3, 2, 3, 4, 3, 3, 3, 4, 2, 0.35, 0.33, 0.32, 1),
(28, 28, 4, 5, 5, 4, 3, 3, 5, 5, 5, 5, 4, 4, 0.33, 0.35, 0.32, 1),
(29, 29, 3, 3, 3, 3, 2, 2, 2, 3, 2, 2, 3, 3, 0.32, 0.33, 0.35, 1),
(30, 30, 4, 4, 4, 5, 3, 4, 3, 3, 3, 3, 4, 2, 0.35, 0.33, 0.32, 1),
(31, 31, 4, 4, 4, 4, 4, 4, 4, 4, 3, 3, 3, 3, 0.32, 0.33, 0.35, 1),
(32, 32, 3, 3, 3, 3, 1, 3, 3, 3, 2, 3, 2, 1, 0.34, 0.33, 0.33, 1),
(33, 33, 4, 4, 1, 5, 4, 4, 4, 4, 3, 3, 5, 3, 0.35, 0.33, 0.32, 1),
(34, 34, 4, 4, 5, 3, 3, 5, 4, 4, 3, 2, 3, 3, 0.33, 0.33, 0.34, 1),
(35, 35, 5, 4, 3, 5, 3, 2, 4, 2, 3, 5, 2, 4, 0.35, 0.33, 0.32, 1),
(36, 36, 1, 1, 1, 3, 1, 2, 3, 3, 3, 2, 3, 3, 0.32, 0.33, 0.35, 1),
(37, 37, 3, 3, 4, 4, 3, 5, 5, 5, 3, 2, 3, 2, 0.35, 0.33, 0.32, 1),
(38, 38, 4, 4, 4, 4, 4, 4, 4, 4, 4, 3, 4, 4, 0.36, 0.33, 0.31, 1),
(39, 39, 3, 5, 3, 3, 3, 3, 3, 3, 3, 3, 3, 3, 0.31, 0.36, 0.33, 1),
(40, 40, 3, 5, 3, 3, 3, 3, 3, 3, 3, 3, 3, 3, 0.35, 0.33, 0.32, 1),
(41, 41, 3, 3, 3, 4, 3, 3, 4, 5, 4, 3, 4, 4, 0.35, 0.23, 0.42, 1),
(42, 42, 4, 4, 4, 3, 3, 4, 3, 4, 4, 3, 4, 4, 0.33, 0.35, 0.32, 1),
(43, 43, 5, 5, 4, 4, 5, 5, 5, 5, 5, 5, 4, 5, 0.31, 0.33, 0.36, 1),
(44, 44, 4, 4, 4, 4, 3, 4, 3, 3, 3, 3, 4, 4, 0.35, 0.33, 0.32, 1),
(45, 45, 4, 4, 3, 4, 3, 4, 4, 4, 4, 4, 4, 4, 0.35, 0.33, 0.32, 1),
(46, 46, 5, 3, 5, 5, 5, 5, 5, 5, 5, 5, 5, 5, 0.34, 0.33, 0.33, 1),
(47, 47, 4, 4, 4, 4, 4, 4, 4, 4, 4, 4, 4, 4, 0.35, 0.33, 0.32, 1),
(48, 48, 3, 3, 3, 3, 3, 3, 3, 3, 3, 4, 4, 4, 0.35, 0.3, 0.35, 1),
(49, 49, 3, 3, 3, 4, 4, 3, 3, 4, 4, 2, 4, 4, 0.33, 0.35, 0.32, 1),
(50, 50, 4, 3, 3, 4, 3, 5, 3, 4, 4, 3, 5, 4, 0.32, 0.33, 0.35, 1);

-- --------------------------------------------------------

--
-- Table structure for table `kriteria`
--

CREATE TABLE `kriteria` (
  `id_kriteria` int(11) NOT NULL,
  `nama_kriteria` varchar(100) NOT NULL
) ENGINE=InnoDB DEFAULT CHARSET=utf8mb4;

--
-- Dumping data for table `kriteria`
--

INSERT INTO `kriteria` (`id_kriteria`, `nama_kriteria`) VALUES
(1, 'X01'),
(2, 'X02'),
(3, 'X03'),
(4, 'X04'),
(5, 'X05'),
(6, 'X06'),
(7, 'X07'),
(8, 'X08'),
(9, 'X09'),
(10, 'X10'),
(11, 'X11'),
(12, 'X12');

-- --------------------------------------------------------

--
-- Table structure for table `kriteria_data`
--

CREATE TABLE `kriteria_data` (
  `id_kriteria` int(11) NOT NULL,
  `fasilitas` varchar(100) NOT NULL,
  `keamanan` varchar(100) NOT NULL,
  `kebersihan` varchar(100) NOT NULL,
  `pembayaran` varchar(100) NOT NULL,
  `lokasi` varchar(100) NOT NULL,
  `keindahan` varchar(100) NOT NULL
) ENGINE=InnoDB DEFAULT CHARSET=utf8mb4;

--
-- Dumping data for table `kriteria_data`
--

INSERT INTO `kriteria_data` (`id_kriteria`, `fasilitas`, `keamanan`, `kebersihan`, `pembayaran`, `lokasi`, `keindahan`) VALUES
(1, 'Gedung Kampus', 'Satpam Kampus', 'Toilet Kampus', 'Proses Pembayaran', 'Lokasi Dikampus', 'Taman Dikampus'),
(2, 'Kantin Kampus', 'Keamanan Parkir', 'Kebersihan Kelas', '-', '-', '-'),
(3, 'Toilet', '-', 'Kebersihan Lingkungan', '-', '-', '-'),
(4, 'Tempat Parkir', '-', '-', '-', '-', '-');

-- --------------------------------------------------------

--
-- Table structure for table `partisi_awal`
--

CREATE TABLE `partisi_awal` (
  `id_partisi` int(11) NOT NULL,
  `partisi1` double NOT NULL,
  `partisi2` double NOT NULL,
  `partisi3` double NOT NULL,
  `jumlah` int(11) NOT NULL
) ENGINE=InnoDB DEFAULT CHARSET=utf8mb4;

--
-- Dumping data for table `partisi_awal`
--

INSERT INTO `partisi_awal` (`id_partisi`, `partisi1`, `partisi2`, `partisi3`, `jumlah`) VALUES
(1, 0.35, 0.31, 0.34, 1),
(2, 0.32, 0.35, 0.33, 1),
(3, 0.31, 0.34, 0.35, 1),
(4, 0.36, 0.33, 0.31, 1),
(5, 0.31, 0.37, 0.32, 1),
(6, 0.35, 0.31, 0.34, 1),
(7, 0.31, 0.35, 0.34, 1),
(8, 0.35, 0.33, 0.32, 1),
(9, 0.33, 0.35, 0.32, 1),
(10, 0.32, 0.33, 0.35, 1),
(11, 0.35, 0.33, 0.32, 1),
(12, 0.32, 0.33, 0.35, 1),
(13, 0.35, 0.31, 0.34, 1),
(14, 0.35, 0.33, 0.32, 1),
(15, 0.33, 0.35, 0.32, 1),
(16, 0.35, 0.33, 0.32, 1),
(17, 0.37, 0.31, 0.32, 1),
(18, 0.35, 0.33, 0.32, 1),
(19, 0.37, 0.32, 0.31, 1),
(20, 0.35, 0.33, 0.32, 1),
(21, 0.32, 0.35, 0.32, 1),
(22, 0.37, 0.31, 0.32, 1),
(23, 0.35, 0.33, 0.32, 1),
(24, 0.33, 0.35, 0.32, 1),
(25, 0.34, 0.33, 0.33, 1),
(26, 0.38, 0.31, 0.31, 1),
(27, 0.35, 0.33, 0.32, 1),
(28, 0.33, 0.35, 0.32, 1),
(29, 0.32, 0.33, 0.35, 1),
(30, 0.35, 0.33, 0.32, 1),
(31, 0.32, 0.33, 0.35, 1),
(32, 0.34, 0.33, 0.33, 1),
(33, 0.35, 0.33, 0.32, 1),
(34, 0.33, 0.33, 0.34, 1),
(35, 0.35, 0.33, 0.32, 1),
(36, 0.32, 0.33, 0.35, 1),
(37, 0.35, 0.33, 0.32, 1),
(38, 0.36, 0.33, 0.31, 1),
(39, 0.31, 0.36, 0.33, 1),
(40, 0.35, 0.33, 0.32, 1),
(41, 0.35, 0.23, 0.42, 1),
(42, 0.33, 0.35, 0.32, 1),
(43, 0.31, 0.33, 0.36, 1),
(44, 0.35, 0.33, 0.32, 1),
(45, 0.35, 0.33, 0.32, 1),
(46, 0.34, 0.33, 0.33, 1),
(47, 0.35, 0.33, 0.32, 1),
(48, 0.35, 0.3, 0.35, 1),
(49, 0.33, 0.35, 0.32, 1),
(50, 0.32, 0.33, 0.35, 1);

-- --------------------------------------------------------

--
-- Table structure for table `user_admin`
--

CREATE TABLE `user_admin` (
  `id_admin` int(11) NOT NULL,
  `email` varchar(50) NOT NULL,
  `password` varchar(32) NOT NULL,
  `nama` varchar(50) NOT NULL
) ENGINE=InnoDB DEFAULT CHARSET=utf8mb4;

--
-- Dumping data for table `user_admin`
--

INSERT INTO `user_admin` (`id_admin`, `email`, `password`, `nama`) VALUES
(1, 'admin@gmail.com', '0192023a7bbd73250516f069df18b500', 'admin1');

--
-- Indexes for dumped tables
--

--
-- Indexes for table `alternatif_kriteria`
--
ALTER TABLE `alternatif_kriteria`
  ADD PRIMARY KEY (`id_alternatif_kriteria`);

--
-- Indexes for table `data_survey_baru`
--
ALTER TABLE `data_survey_baru`
  ADD PRIMARY KEY (`id`);

--
-- Indexes for table `kriteria`
--
ALTER TABLE `kriteria`
  ADD PRIMARY KEY (`id_kriteria`);

--
-- Indexes for table `kriteria_data`
--
ALTER TABLE `kriteria_data`
  ADD PRIMARY KEY (`id_kriteria`);

--
-- Indexes for table `partisi_awal`
--
ALTER TABLE `partisi_awal`
  ADD PRIMARY KEY (`id_partisi`);

--
-- Indexes for table `user_admin`
--
ALTER TABLE `user_admin`
  ADD PRIMARY KEY (`id_admin`);

--
-- AUTO_INCREMENT for dumped tables
--

--
-- AUTO_INCREMENT for table `alternatif_kriteria`
--
ALTER TABLE `alternatif_kriteria`
  MODIFY `id_alternatif_kriteria` int(11) NOT NULL AUTO_INCREMENT, AUTO_INCREMENT=501;

--
-- AUTO_INCREMENT for table `data_survey_baru`
--
ALTER TABLE `data_survey_baru`
  MODIFY `id` int(11) NOT NULL AUTO_INCREMENT, AUTO_INCREMENT=51;

--
-- AUTO_INCREMENT for table `kriteria`
--
ALTER TABLE `kriteria`
  MODIFY `id_kriteria` int(11) NOT NULL AUTO_INCREMENT, AUTO_INCREMENT=13;

--
-- AUTO_INCREMENT for table `kriteria_data`
--
ALTER TABLE `kriteria_data`
  MODIFY `id_kriteria` int(11) NOT NULL AUTO_INCREMENT, AUTO_INCREMENT=5;

--
-- AUTO_INCREMENT for table `partisi_awal`
--
ALTER TABLE `partisi_awal`
  MODIFY `id_partisi` int(11) NOT NULL AUTO_INCREMENT, AUTO_INCREMENT=51;

--
-- AUTO_INCREMENT for table `user_admin`
--
ALTER TABLE `user_admin`
  MODIFY `id_admin` int(11) NOT NULL AUTO_INCREMENT, AUTO_INCREMENT=2;
COMMIT;

/*!40101 SET CHARACTER_SET_CLIENT=@OLD_CHARACTER_SET_CLIENT */;
/*!40101 SET CHARACTER_SET_RESULTS=@OLD_CHARACTER_SET_RESULTS */;
/*!40101 SET COLLATION_CONNECTION=@OLD_COLLATION_CONNECTION */;
